{
    "name": "root",
    "gauges": {
        "RollerBall.Policy.Entropy.mean": {
            "value": 0.7657890915870667,
            "min": 0.7657890915870667,
            "max": 1.0331603288650513,
            "count": 5
        },
        "RollerBall.Policy.Entropy.sum": {
            "value": 7655.59326171875,
            "min": 7655.59326171875,
            "max": 9535.203125,
            "count": 5
        },
        "RollerBall.Environment.EpisodeLength.mean": {
            "value": 12.473045822102426,
            "min": 8.838709677419354,
            "max": 304.5806451612903,
            "count": 3
        },
        "RollerBall.Environment.EpisodeLength.sum": {
            "value": 9255.0,
            "min": 548.0,
            "max": 37768.0,
            "count": 3
        },
        "RollerBall.Step.mean": {
            "value": 109994.0,
            "min": 69985.0,
            "max": 109994.0,
            "count": 5
        },
        "RollerBall.Step.sum": {
            "value": 109994.0,
            "min": 69985.0,
            "max": 109994.0,
            "count": 5
        },
        "RollerBall.Policy.ExtrinsicValueEstimate.mean": {
            "value": 0.12894053757190704,
            "min": -0.0013517065672203898,
            "max": 0.12894053757190704,
            "count": 5
        },
        "RollerBall.Policy.ExtrinsicValueEstimate.sum": {
            "value": 101.73408508300781,
            "min": -0.21086622774600983,
            "max": 101.73408508300781,
            "count": 5
        },
        "RollerBall.Environment.CumulativeReward.mean": {
            "value": 0.1495956873315364,
            "min": 0.13008130081300814,
            "max": 0.16129032258064516,
            "count": 3
        },
        "RollerBall.Environment.CumulativeReward.sum": {
            "value": 111.0,
            "min": 10.0,
            "max": 111.0,
            "count": 3
        },
        "RollerBall.Policy.ExtrinsicReward.mean": {
            "value": 0.1495956873315364,
            "min": 0.13008130081300814,
            "max": 0.16129032258064516,
            "count": 3
        },
        "RollerBall.Policy.ExtrinsicReward.sum": {
            "value": 111.0,
            "min": 10.0,
            "max": 111.0,
            "count": 3
        },
        "RollerBall.Losses.PolicyLoss.mean": {
            "value": 0.24567698085744102,
            "min": 0.2429013122219915,
            "max": 0.24793336863948157,
            "count": 5
        },
        "RollerBall.Losses.PolicyLoss.sum": {
            "value": 21.37389733459737,
            "min": 16.033795680294375,
            "max": 21.37389733459737,
            "count": 5
        },
        "RollerBall.Losses.ValueLoss.mean": {
            "value": 0.030023183261148924,
            "min": 4.801690741635451e-06,
            "max": 0.030023183261148924,
            "count": 5
        },
        "RollerBall.Losses.ValueLoss.sum": {
            "value": 2.6120169437199565,
            "min": 0.0003745318778475652,
            "max": 2.6120169437199565,
            "count": 5
        },
        "RollerBall.Policy.LearningRate.mean": {
            "value": 0.0002684711070613586,
            "min": 0.0002684711070613586,
            "max": 0.0002802721747577621,
            "count": 5
        },
        "RollerBall.Policy.LearningRate.sum": {
            "value": 0.023356986314338198,
            "min": 0.0184979635340123,
            "max": 0.023356986314338198,
            "count": 5
        },
        "RollerBall.Policy.Epsilon.mean": {
            "value": 0.6369421931034481,
            "min": 0.6369421931034481,
            "max": 0.6605443363636365,
            "count": 5
        },
        "RollerBall.Policy.Epsilon.sum": {
            "value": 55.41397079999999,
            "min": 43.59592620000001,
            "max": 55.41397079999999,
            "count": 5
        },
        "RollerBall.Policy.Beta.mean": {
            "value": 0.00044850279103448264,
            "min": 0.00044850279103448264,
            "max": 0.00046777787469696964,
            "count": 5
        },
        "RollerBall.Policy.Beta.sum": {
            "value": 0.03901974281999999,
            "min": 0.030873339729999998,
            "max": 0.03901974281999999,
            "count": 5
        },
        "RollerBall.IsTraining.mean": {
            "value": 1.0,
            "min": 1.0,
            "max": 1.0,
            "count": 5
        },
        "RollerBall.IsTraining.sum": {
            "value": 1.0,
            "min": 1.0,
            "max": 1.0,
            "count": 5
        }
    },
    "metadata": {
        "timer_format_version": "0.1.0",
        "start_time_seconds": "1641317557",
        "python_version": "3.7.11 (default, Jul 27 2021, 09:42:29) [MSC v.1916 64 bit (AMD64)]",
        "command_line_arguments": "C:\\Users\\Bob\\anaconda3\\envs\\ia\\Scripts\\mlagents-learn config/rollerball_config.yaml --run-id=RollerBall --resume",
        "mlagents_version": "0.27.0",
        "mlagents_envs_version": "0.27.0",
        "communication_protocol_version": "1.5.0",
        "pytorch_version": "1.7.1+cpu",
        "numpy_version": "1.21.5",
        "end_time_seconds": "1641318247"
    },
    "total": 690.0526678,
    "count": 1,
    "self": 0.010129399999982525,
    "children": {
        "run_training.setup": {
            "total": 0.15421600000000013,
            "count": 1,
            "self": 0.15421600000000013
        },
        "TrainerController.start_learning": {
            "total": 689.8883224,
            "count": 1,
            "self": 1.5817675999936682,
            "children": {
                "TrainerController._reset_env": {
                    "total": 5.6855679,
                    "count": 1,
                    "self": 5.6855679
                },
                "TrainerController.advance": {
                    "total": 682.4804141000063,
                    "count": 50271,
                    "self": 1.7082112000158531,
                    "children": {
                        "env_step": {
                            "total": 572.2761398999926,
                            "count": 50271,
                            "self": 514.4839452000018,
                            "children": {
                                "SubprocessEnvManager._take_step": {
                                    "total": 56.82263000000227,
                                    "count": 50271,
                                    "self": 4.911032800001159,
                                    "children": {
                                        "TorchPolicy.evaluate": {
                                            "total": 51.91159720000111,
                                            "count": 49354,
                                            "self": 11.242111900002953,
                                            "children": {
                                                "TorchPolicy.sample_actions": {
                                                    "total": 40.66948529999816,
                                                    "count": 49354,
                                                    "self": 40.66948529999816
                                                }
                                            }
                                        }
                                    }
                                },
                                "workers": {
                                    "total": 0.9695646999884788,
                                    "count": 50270,
                                    "self": 0.0,
                                    "children": {
                                        "worker_root": {
                                            "total": 682.0934045999902,
                                            "count": 50270,
                                            "is_parallel": true,
                                            "self": 235.04897579999505,