{
    "name": "root",
    "gauges": {
        "RollerBall.Policy.Entropy.mean": {
            "value": 1.1669442653656006,
            "min": 1.1669442653656006,
            "max": 1.4141523838043213,
            "count": 7
        },
        "RollerBall.Policy.Entropy.sum": {
            "value": 11672.943359375,
            "min": 11672.943359375,
            "max": 14169.806640625,
            "count": 7
        },
        "RollerBall.Environment.EpisodeLength.mean": {
            "value": 49.015,
            "min": 49.015,
            "max": 49.10050251256281,
            "count": 7
        },
        "RollerBall.Environment.EpisodeLength.sum": {
            "value": 9803.0,
            "min": 9771.0,
            "max": 9820.0,
            "count": 7
        },
        "RollerBall.Step.mean": {
            "value": 69999.0,
            "min": 9970.0,
            "max": 69999.0,
            "count": 7
        },
        "RollerBall.Step.sum": {
            "value": 69999.0,
            "min": 9970.0,
            "max": 69999.0,
            "count": 7
        },
        "RollerBall.Policy.ExtrinsicValueEstimate.mean": {
            "value": 2.2198450565338135,
            "min": 0.6564708948135376,
            "max": 2.3747737407684326,
            "count": 7
        },
        "RollerBall.Policy.ExtrinsicValueEstimate.sum": {
            "value": 443.968994140625,
            "min": 130.63771057128906,
            "max": 474.9547424316406,
            "count": 7
        },
        "RollerBall.Environment.CumulativeReward.mean": {
            "value": 4.195,
            "min": 1.3467336683417086,
            "max": 4.555,
            "count": 7
        },
        "RollerBall.Environment.CumulativeReward.sum": {
            "value": 839.0,
            "min": 268.0,
            "max": 911.0,
            "count": 7
        },
        "RollerBall.Policy.ExtrinsicReward.mean": {
            "value": 4.195,
            "min": 1.3467336683417086,
            "max": 4.555,
            "count": 7
        },
        "RollerBall.Policy.ExtrinsicReward.sum": {
            "value": 839.0,
            "min": 268.0,
            "max": 911.0,
            "count": 7
        },
        "RollerBall.Losses.PolicyLoss.mean": {
            "value": 0.24494823475141345,
            "min": 0.2383986698392209,
            "max": 0.24950784742474968,
            "count": 7
        },
        "RollerBall.Losses.PolicyLoss.sum": {
            "value": 17.14637643259894,
            "min": 16.687906888745463,
            "max": 17.465549319732478,
            "count": 7
        },
        "RollerBall.Losses.ValueLoss.mean": {
            "value": 0.6856878527008275,
            "min": 0.39954128122415455,
            "max": 0.6856878527008275,
            "count": 7
        },
        "RollerBall.Losses.ValueLoss.sum": {
            "value": 47.998149689057925,
            "min": 27.967889685690817,
            "max": 47.998149689057925,
            "count": 7
        },
        "RollerBall.Policy.LearningRate.mean": {
            "value": 0.0002805075493546285,
            "min": 0.0002805075493546285,
            "max": 0.00029850339180321735,
            "count": 7
        },
        "RollerBall.Policy.LearningRate.sum": {
            "value": 0.019635528454823994,
            "min": 0.019635528454823994,
            "max": 0.020686314104561995,
            "count": 7
        },
        "RollerBall.Policy.Epsilon.mean": {
            "value": 0.38050754285714283,
            "min": 0.38050754285714283,
            "max": 0.39850339130434786,
            "count": 7
        },
        "RollerBall.Policy.Epsilon.sum": {
            "value": 26.635527999999997,
            "min": 26.635527999999997,
            "max": 27.686314000000007,
            "count": 7
        },
        "RollerBall.Policy.Beta.mean": {
            "value": 0.00046816231999999996,
            "min": 0.00046816231999999996,
            "max": 0.0004975555391304349,
            "count": 7
        },
        "RollerBall.Policy.Beta.sum": {
            "value": 0.0327713624,
            "min": 0.0327713624,
            "max": 0.03448764619999999,
            "count": 7
        },
        "RollerBall.IsTraining.mean": {
            "value": 1.0,
            "min": 1.0,
            "max": 1.0,
            "count": 7
        },
        "RollerBall.IsTraining.sum": {
            "value": 1.0,
            "min": 1.0,
            "max": 1.0,
            "count": 7
        }
    },
    "metadata": {
        "timer_format_version": "0.1.0",
        "start_time_seconds": "1641733596",
        "python_version": "3.7.11 (default, Jul 27 2021, 09:42:29) [MSC v.1916 64 bit (AMD64)]",
        "command_line_arguments": "C:\\Users\\Bob\\anaconda3\\envs\\ia\\Scripts\\mlagents-learn config/rollerball_config.yaml --run-id=RollerBall --force",
        "mlagents_version": "0.27.0",
        "mlagents_envs_version": "0.27.0",
        "communication_protocol_version": "1.5.0",
        "pytorch_version": "1.7.1+cpu",
        "numpy_version": "1.21.5",
        "end_time_seconds": "1641734433"
    },
    "total": 837.2157254,
    "count": 1,
    "self": 0.007138799999893308,
    "children": {
        "run_training.setup": {
            "total": 0.10744860000000012,
            "count": 1,
            "self": 0.10744860000000012
        },
        "TrainerController.start_learning": {
            "total": 837.1011380000001,
            "count": 1,
            "self": 1.69729410000798,
            "children": {
                "TrainerController._reset_env": {
                    "total": 6.417134,
                    "count": 1,
                    "self": 6.417134
                },
                "TrainerController.advance": {
                    "total": 828.9071444999921,
                    "count": 79881,
                    "self": 1.7844239999967613,
                    "children": {
                        "env_step": {
                            "total": 715.1992877999937,
                            "count": 79881,
                            "self": 653.9006670999761,
                            "children": {
                                "SubprocessEnvManager._take_step": {
                                    "total": 60.18458010001096,
                                    "count": 79881,
                                    "self": 4.378319400027934,
                                    "children": {
                                        "TorchPolicy.evaluate": {
                                            "total": 55.80626069998303,
                                            "count": 78467,
                                            "self": 11.49871769998066,
                                            "children": {
                                                "TorchPolicy.sample_actions": {
                                                    "total": 44.30754300000237,
                                                    "count": 78467,
                                                    "self": 44.30754300000237
                                                }
                                            }
                                        }
                                    }
                                },
                                "workers": {
                                    "total": 1.1140406000066898,
                                    "count": 79880,
                                    "self": 0.0,
                                    "children": {
                                        "worker_root": {
                                            "total": 828.5825678999862,
                                            "count": 79880,
                                            "is_parallel": true,
                                            "self": 241.8887505999951,