{
    "name": "root",
    "metadata": {
        "timer_format_version": "0.1.0",
        "start_time_seconds": "1641746709",
        "python_version": "3.7.11 (default, Jul 27 2021, 09:42:29) [MSC v.1916 64 bit (AMD64)]",
        "command_line_arguments": "C:\\Users\\Bob\\anaconda3\\envs\\ia\\Scripts\\mlagents-learn config/rollerball_config.yaml --run-id=RollerBall --resume",
        "mlagents_version": "0.27.0",
        "mlagents_envs_version": "0.27.0",
        "communication_protocol_version": "1.5.0",
        "pytorch_version": "1.7.1+cpu",
        "numpy_version": "1.21.5",
        "end_time_seconds": "1641746732"
    },
    "total": 22.5540448,
    "count": 1,
    "self": 0.0051628000000008,
    "children": {
        "run_training.setup": {
            "total": 0.09148829999999997,
            "count": 1,
            "self": 0.09148829999999997
        },
        "TrainerController.start_learning": {
            "total": 22.4573937,
            "count": 1,
            "self": 0.03903710000002292,
            "children": {
                "TrainerController._reset_env": {
                    "total": 6.1647252,
                    "count": 1,
                    "self": 6.1647252
                },
                "TrainerController.advance": {
                    "total": 16.15409859999998,
                    "count": 1753,
                    "self": 0.04004589999993158,
                    "children": {
                        "env_step": {
                            "total": 13.662555899999997,
                            "count": 1753,
                            "self": 12.292092699999927,
                            "children": {
                                "SubprocessEnvManager._take_step": {
                                    "total": 1.3460179000000254,
                                    "count": 1753,
                                    "self": 0.10039070000008898,
                                    "children": {
                                        "TorchPolicy.evaluate": {
                                            "total": 1.2456271999999364,
                                            "count": 1721,
                                            "self": 0.26165419999990824,
                                            "children": {
                                                "TorchPolicy.sample_actions": {
                                                    "total": 0.9839730000000282,
                                                    "count": 1721,
                                                    "self": 0.9839730000000282
                                                }
                                            }
                                        }
                                    }
                                },
                                "workers": {
                                    "total": 0.024445300000044412,
                                    "count": 1752,
                                    "self": 0.0,
                                    "children": {
                                        "worker_root": {
                                            "total": 16.143832399999937,
                                            "count": 1752,
                                            "is_parallel": true,
                                            "self": 5.374000599999981,
                                            "children": {
                                                "steps_from_proto": {
                                                    "total": 0.00023459999999975167,
                                                    "count": 1,
                                                    "is_parallel": true,
                                                    "self": 9.540000000018978e-05,
                                                    "children": {
                                                        "_process_rank_one_or_two_observation": {
                                                            "total": 0.0001391999999995619,
                                                            "count": 2,
                                                            "is_parallel": true,
                                                            "self": 0.0001391999999995619
                                                        }
                                                    }
                                                },
                                                "UnityEnvironment.step": {
                                                    "total": 10.769597199999957,
                                                    "count": 1752,
                                                    "is_parallel": true,
                                                    "self": 0.13867379999986085,
                                                    "children": {
                                                        "UnityEnvironment._generate_step_input": {
                                                            "total": 0.10922660000003592,
                                                            "count": 1752,
                                                            "is_parallel": true,
                                                            "self": 0.10922660000003592
                                                        },
                                                        "communicator.exchange": {
                                                            "total": 10.157265900000066,
                                                            "count": 1752,
                                                            "is_parallel": true,
                                                            "self": 10.157265900000066
                                                        },
                                                        "steps_from_proto": {
                                                            "total": 0.3644308999999941,
                                                            "count": 1752,
                                                            "is_parallel": true,
                                                            "self": 0.19668769999996982,
                                                            "children": {
                                                                "_process_rank_one_or_two_observation": {
                                                                    "total": 0.1677432000000243,
                                                                    "count": 3504,
                                                                    "is_parallel": true,
                                                                    "self": 0.1677432000000243
                                                                }
                                                            }
                                                        }
                                                    }
                                                }
                                            }
                                        }
                                    }
                                }
                            }
                        },
                        "trainer_advance": {
                            "total": 2.45149680000005,
                            "count": 1752,
                            "self": 0.04793110000009104,
                            "children": {
                                "process_trajectory": {
                                    "total": 0.12947449999995264,
                                    "count": 1752,
                                    "self": 0.12947449999995264
                                },