{
    "name": "root",
    "metadata": {
        "timer_format_version": "0.1.0",
        "start_time_seconds": "1641746588",
        "python_version": "3.7.11 (default, Jul 27 2021, 09:42:29) [MSC v.1916 64 bit (AMD64)]",
        "command_line_arguments": "C:\\Users\\Bob\\anaconda3\\envs\\ia\\Scripts\\mlagents-learn config/rollerball_config.yaml --run-id=RollerBall --resume",
        "mlagents_version": "0.27.0",
        "mlagents_envs_version": "0.27.0",
        "communication_protocol_version": "1.5.0",
        "pytorch_version": "1.7.1+cpu",
        "numpy_version": "1.21.5",
        "end_time_seconds": "1641746631"
    },
    "total": 43.0691205,
    "count": 1,
    "self": 0.007548800000002132,
    "children": {
        "run_training.setup": {
            "total": 0.09170460000000002,
            "count": 1,
            "self": 0.09170460000000002
        },
        "TrainerController.start_learning": {
            "total": 42.969867099999995,
            "count": 1,
            "self": 0.0774133999999762,
            "children": {
                "TrainerController._reset_env": {
                    "total": 10.1387903,
                    "count": 1,
                    "self": 10.1387903
                },
                "TrainerController.advance": {
                    "total": 32.672943100000026,
                    "count": 3488,
                    "self": 0.07996309999994367,
                    "children": {
                        "env_step": {
                            "total": 27.614967499999928,
                            "count": 3488,
                            "self": 24.890613199999915,
                            "children": {
                                "SubprocessEnvManager._take_step": {
                                    "total": 2.6746961999999925,
                                    "count": 3488,
                                    "self": 0.20359750000007182,
                                    "children": {
                                        "TorchPolicy.evaluate": {
                                            "total": 2.4710986999999207,
                                            "count": 3426,
                                            "self": 0.5214755999998637,
                                            "children": {
                                                "TorchPolicy.sample_actions": {
                                                    "total": 1.949623100000057,
                                                    "count": 3426,
                                                    "self": 1.949623100000057
                                                }
                                            }
                                        }
                                    }
                                },
                                "workers": {
                                    "total": 0.0496581000000198,
                                    "count": 3487,
                                    "self": 0.0,
                                    "children": {
                                        "worker_root": {
                                            "total": 32.65553689999995,
                                            "count": 3487,
                                            "is_parallel": true,
                                            "self": 10.828584799999874,
                                            "children": {
                                                "steps_from_proto": {
                                                    "total": 0.0003914999999992119,
                                                    "count": 1,
                                                    "is_parallel": true,
                                                    "self": 0.00019589999999780616,
                                                    "children": {
                                                        "_process_rank_one_or_two_observation": {
                                                            "total": 0.00019560000000140576,
                                                            "count": 2,
                                                            "is_parallel": true,
                                                            "self": 0.00019560000000140576
                                                        }
                                                    }
                                                },
                                                "UnityEnvironment.step": {
                                                    "total": 21.82656060000008,
                                                    "count": 3487,
                                                    "is_parallel": true,
                                                    "self": 0.2815334000002778,
                                                    "children": {
                                                        "UnityEnvironment._generate_step_input": {
                                                            "total": 0.22085219999996575,
                                                            "count": 3487,
                                                            "is_parallel": true,
                                                            "self": 0.22085219999996575
                                                        },
                                                        "communicator.exchange": {
                                                            "total": 20.5780037999998,
                                                            "count": 3487,
                                                            "is_parallel": true,
                                                            "self": 20.5780037999998
                                                        },
                                                        "steps_from_proto": {
                                                            "total": 0.7461712000000329,
                                                            "count": 3487,
                                                            "is_parallel": true,
                                                            "self": 0.394633400000048,
                                                            "children": {
                                                                "_process_rank_one_or_two_observation": {
                                                                    "total": 0.3515377999999849,
                                                                    "count": 6974,
                                                                    "is_parallel": true,
                                                                    "self": 0.3515377999999849
                                                                }
                                                            }
                                                        }
                                                    }
                                                }
                                            }
                                        }
                                    }
                                }
                            }
                        },
                        "trainer_advance": {
                            "total": 4.978012500000158,
                            "count": 3487,
                            "self": 0.0991807000001046,
                            "children": {
                                "process_trajectory": {
                                    "total": 0.2780612000000513,
                                    "count": 3487,
                                    "self": 0.2780612000000513
                                },