{
    "name": "root",
    "gauges": {
        "RollerBall.Policy.Entropy.mean": {
            "value": 0.708166778087616,
            "min": 0.708166778087616,
            "max": 1.3897002935409546,
            "count": 21
        },
        "RollerBall.Policy.Entropy.sum": {
            "value": 7083.79248046875,
            "min": 7083.79248046875,
            "max": 13910.900390625,
            "count": 21
        },
        "RollerBall.Environment.EpisodeLength.mean": {
            "value": 7.335833333333333,
            "min": 7.335833333333333,
            "max": 22.574468085106382,
            "count": 21
        },
        "RollerBall.Environment.EpisodeLength.sum": {
            "value": 8803.0,
            "min": 8803.0,
            "max": 9549.0,
            "count": 21
        },
        "RollerBall.Step.mean": {
            "value": 209992.0,
            "min": 9989.0,
            "max": 209992.0,
            "count": 21
        },
        "RollerBall.Step.sum": {
            "value": 209992.0,
            "min": 9989.0,
            "max": 209992.0,
            "count": 21
        },
        "RollerBall.Policy.ExtrinsicValueEstimate.mean": {
            "value": 0.9592485427856445,
            "min": 0.24099494516849518,
            "max": 0.9592485427856445,
            "count": 21
        },
        "RollerBall.Policy.ExtrinsicValueEstimate.sum": {
            "value": 1151.0982666015625,
            "min": 133.752197265625,
            "max": 1151.0982666015625,
            "count": 21
        },
        "RollerBall.Environment.CumulativeReward.mean": {
            "value": 0.9925,
            "min": 0.33513513513513515,
            "max": 0.9971724787935909,
            "count": 21
        },
        "RollerBall.Environment.CumulativeReward.sum": {
            "value": 1191.0,
            "min": 186.0,
            "max": 1191.0,
            "count": 21
        },
        "RollerBall.Policy.ExtrinsicReward.mean": {
            "value": 0.9925,
            "min": 0.33513513513513515,
            "max": 0.9971724787935909,
            "count": 21
        },
        "RollerBall.Policy.ExtrinsicReward.sum": {
            "value": 1191.0,
            "min": 186.0,
            "max": 1191.0,
            "count": 21
        },
        "RollerBall.Losses.PolicyLoss.mean": {
            "value": 0.23451967022843423,
            "min": 0.23383333411805743,
            "max": 0.24731176947899353,
            "count": 21
        },
        "RollerBall.Losses.PolicyLoss.sum": {
            "value": 22.279368671701253,
            "min": 20.84151873675978,
            "max": 22.713823320333063,
            "count": 21
        },
        "RollerBall.Losses.ValueLoss.mean": {
            "value": 0.000981354470530433,
            "min": 0.000981354470530433,
            "max": 0.08052886742537045,
            "count": 21
        },
        "RollerBall.Losses.ValueLoss.sum": {
            "value": 0.09322867470039115,
            "min": 0.09322867470039115,
            "max": 7.0865403334326,
            "count": 21
        },
        "RollerBall.Policy.LearningRate.mean": {
            "value": 0.00023850782365529365,
            "min": 0.00023850782365529365,
            "max": 0.00029847992777941816,
            "count": 21
        },
        "RollerBall.Policy.LearningRate.sum": {
            "value": 0.022658243247252897,
            "min": 0.0224594463135185,
            "max": 0.026888203637265497,
            "count": 21
        },
        "RollerBall.Policy.Epsilon.mean": {
            "value": 0.3385078031578948,
            "min": 0.3385078031578948,
            "max": 0.3984799272727273,
            "count": 21
        },
        "RollerBall.Policy.Epsilon.sum": {
            "value": 32.15824130000001,
            "min": 31.759444500000008,
            "max": 35.988203500000004,
            "count": 21
        },
        "RollerBall.Policy.Beta.mean": {
            "value": 0.0003995627451578949,
            "min": 0.0003995627451578949,
            "max": 0.0004975172145454545,
            "count": 21
        },
        "RollerBall.Policy.Beta.sum": {
            "value": 0.037958460790000016,
            "min": 0.03761375935000001,
            "max": 0.044827399049999994,
            "count": 21
        },
        "RollerBall.IsTraining.mean": {
            "value": 1.0,
            "min": 1.0,
            "max": 1.0,
            "count": 21
        },
        "RollerBall.IsTraining.sum": {
            "value": 1.0,
            "min": 1.0,
            "max": 1.0,
            "count": 21
        }
    },
    "metadata": {
        "timer_format_version": "0.1.0",
        "start_time_seconds": "1641493808",
        "python_version": "3.7.11 (default, Jul 27 2021, 09:42:29) [MSC v.1916 64 bit (AMD64)]",
        "command_line_arguments": "C:\\Users\\Bob\\anaconda3\\envs\\ia\\Scripts\\mlagents-learn config/rollerball_config.yaml --run-id=RollerBall --force",
        "mlagents_version": "0.27.0",
        "mlagents_envs_version": "0.27.0",
        "communication_protocol_version": "1.5.0",
        "pytorch_version": "1.7.1+cpu",
        "numpy_version": "1.21.5",
        "end_time_seconds": "1641495947"
    },
    "total": 2139.3664881,
    "count": 1,
    "self": 0.004732899999908113,
    "children": {
        "run_training.setup": {
            "total": 0.09230099999999997,
            "count": 1,
            "self": 0.09230099999999997
        },
        "TrainerController.start_learning": {
            "total": 2139.2694542,
            "count": 1,
            "self": 5.25175650005167,
            "children": {
                "TrainerController._reset_env": {
                    "total": 6.2379771999999996,
                    "count": 1,
                    "self": 6.2379771999999996
                },
                "TrainerController.advance": {
                    "total": 2127.7033989999486,
                    "count": 234618,
                    "self": 5.572687499910899,
                    "children": {
                        "env_step": {
                            "total": 1786.9561436999888,
                            "count": 234618,
                            "self": 1606.614935799907,
                            "children": {
                                "SubprocessEnvManager._take_step": {
                                    "total": 176.93652240008345,
                                    "count": 234618,
                                    "self": 12.92436300019483,
                                    "children": {
                                        "TorchPolicy.evaluate": {
                                            "total": 164.01215939988862,
                                            "count": 218241,
                                            "self": 33.135015499914914,
                                            "children": {
                                                "TorchPolicy.sample_actions": {
                                                    "total": 130.8771438999737,
                                                    "count": 218241,
                                                    "self": 130.8771438999737
                                                }
                                            }
                                        }
                                    }
                                },
                                "workers": {
                                    "total": 3.404685499998271,
                                    "count": 234617,
                                    "self": 0.0,
                                    "children": {
                                        "worker_root": {
                                            "total": 2127.062641599954,
                                            "count": 234617,
                                            "is_parallel": true,