{
    "name": "root",
    "gauges": {
        "RollerBall.Policy.Entropy.mean": {
            "value": 0.7568590641021729,
            "min": 0.7568590641021729,
            "max": 1.402340292930603,
            "count": 13
        },
        "RollerBall.Policy.Entropy.sum": {
            "value": 7566.3203125,
            "min": 7566.3203125,
            "max": 14027.6103515625,
            "count": 13
        },
        "RollerBall.Environment.EpisodeLength.mean": {
            "value": 11.899354838709677,
            "min": 11.899354838709677,
            "max": 23.75990099009901,
            "count": 13
        },
        "RollerBall.Environment.EpisodeLength.sum": {
            "value": 9222.0,
            "min": 9222.0,
            "max": 9620.0,
            "count": 13
        },
        "RollerBall.Step.mean": {
            "value": 129994.0,
            "min": 9998.0,
            "max": 129994.0,
            "count": 13
        },
        "RollerBall.Step.sum": {
            "value": 129994.0,
            "min": 9998.0,
            "max": 129994.0,
            "count": 13
        },
        "RollerBall.Policy.ExtrinsicValueEstimate.mean": {
            "value": 0.8845863938331604,
            "min": 0.32147035002708435,
            "max": 0.8848342299461365,
            "count": 13
        },
        "RollerBall.Policy.ExtrinsicValueEstimate.sum": {
            "value": 685.554443359375,
            "min": 129.55255126953125,
            "max": 685.554443359375,
            "count": 13
        },
        "RollerBall.Environment.CumulativeReward.mean": {
            "value": 0.952258064516129,
            "min": 0.3746898263027295,
            "max": 0.959214501510574,
            "count": 13
        },
        "RollerBall.Environment.CumulativeReward.sum": {
            "value": 738.0,
            "min": 151.0,
            "max": 738.0,
            "count": 13
        },
        "RollerBall.Policy.ExtrinsicReward.mean": {
            "value": 0.952258064516129,
            "min": 0.3746898263027295,
            "max": 0.959214501510574,
            "count": 13
        },
        "RollerBall.Policy.ExtrinsicReward.sum": {
            "value": 738.0,
            "min": 151.0,
            "max": 738.0,
            "count": 13
        },
        "RollerBall.Losses.PolicyLoss.mean": {
            "value": 0.23283369567665074,
            "min": 0.23283369567665074,
            "max": 0.2586517744634171,
            "count": 13
        },
        "RollerBall.Losses.PolicyLoss.sum": {
            "value": 20.722198915221917,
            "min": 19.649021610923935,
            "max": 22.175700846934102,
            "count": 13
        },
        "RollerBall.Losses.ValueLoss.mean": {
            "value": 0.026588924655249663,
            "min": 0.014179883960961008,
            "max": 0.095954869355747,
            "count": 13
        },
        "RollerBall.Losses.ValueLoss.sum": {
            "value": 2.36641429431722,
            "min": 1.2620096725255296,
            "max": 7.9642541565270015,
            "count": 13
        },
        "RollerBall.Policy.LearningRate.mean": {
            "value": 0.0002624664023988438,
            "min": 0.0002624664023988438,
            "max": 0.00029848705713082053,
            "count": 13
        },
        "RollerBall.Policy.LearningRate.sum": {
            "value": 0.023359509813497097,
            "min": 0.023359509813497097,
            "max": 0.025233058688980597,
            "count": 13
        },
        "RollerBall.Policy.Epsilon.mean": {
            "value": 0.6249327797752808,
            "min": 0.6249327797752808,
            "max": 0.6969741132530118,
            "count": 13
        },
        "RollerBall.Policy.Epsilon.sum": {
            "value": 55.61901739999999,
            "min": 55.5262786,
            "max": 59.366116399999996,
            "count": 13
        },
        "RollerBall.Policy.Beta.mean": {
            "value": 0.000438695103483146,
            "min": 0.000438695103483146,
            "max": 0.0004975288591566265,
            "count": 13
        },
        "RollerBall.Policy.Beta.sum": {
            "value": 0.039043864209999994,
            "min": 0.039039794190000005,
            "max": 0.04210399506,
            "count": 13
        },
        "RollerBall.IsTraining.mean": {
            "value": 1.0,
            "min": 1.0,
            "max": 1.0,
            "count": 13
        },
        "RollerBall.IsTraining.sum": {
            "value": 1.0,
            "min": 1.0,
            "max": 1.0,
            "count": 13
        }
    },
    "metadata": {
        "timer_format_version": "0.1.0",
        "start_time_seconds": "1641393556",
        "python_version": "3.7.11 (default, Jul 27 2021, 09:42:29) [MSC v.1916 64 bit (AMD64)]",
        "command_line_arguments": "C:\\Users\\Bob\\anaconda3\\envs\\ia\\Scripts\\mlagents-learn config/rollerball_config.yaml --run-id=RollerBall --force",
        "mlagents_version": "0.27.0",
        "mlagents_envs_version": "0.27.0",
        "communication_protocol_version": "1.5.0",
        "pytorch_version": "1.7.1+cpu",
        "numpy_version": "1.21.5",
        "end_time_seconds": "1641395089"
    },
    "total": 1533.7146329,
    "count": 1,
    "self": 0.00813079999988986,
    "children": {
        "run_training.setup": {
            "total": 0.1477153,
            "count": 1,
            "self": 0.1477153
        },
        "TrainerController.start_learning": {
            "total": 1533.5587868,
            "count": 1,
            "self": 3.601250200013965,
            "children": {
                "TrainerController._reset_env": {
                    "total": 9.3275285,
                    "count": 1,
                    "self": 9.3275285
                },
                "TrainerController.advance": {
                    "total": 1520.540033999986,
                    "count": 147074,
                    "self": 3.8697363000555924,
                    "children": {
                        "env_step": {
                            "total": 1274.0332332999446,
                            "count": 147074,
                            "self": 1145.4290208999555,
                            "children": {
                                "SubprocessEnvManager._take_step": {
                                    "total": 126.28085680000596,
                                    "count": 147074,
                                    "self": 9.322144699976022,
                                    "children": {
                                        "TorchPolicy.evaluate": {
                                            "total": 116.95871210002994,
                                            "count": 139492,
                                            "self": 23.72285529994906,
                                            "children": {
                                                "TorchPolicy.sample_actions": {
                                                    "total": 93.23585680008088,
                                                    "count": 139492,
                                                    "self": 93.23585680008088
                                                }
                                            }
                                        }
                                    }
                                },
                                "workers": {
                                    "total": 2.3233555999830937,
                                    "count": 147073,
                                    "self": 0.0,
                                    "children": {
                                        "worker_root": {
                                            "total": 1519.9292878999704,
                                            "count": 147073,
                                            "is_parallel": true,
                                            "self": 520.9031311999464,