{
    "name": "root",
    "gauges": {
        "RollerBall.Policy.Entropy.mean": {
            "value": 1.3281368017196655,
            "min": 1.3281368017196655,
            "max": 1.4131187200546265,
            "count": 4
        },
        "RollerBall.Policy.Entropy.sum": {
            "value": 13244.1806640625,
            "min": 13244.1806640625,
            "max": 14131.1875,
            "count": 4
        },
        "RollerBall.Step.mean": {
            "value": 39968.0,
            "min": 9936.0,
            "max": 39968.0,
            "count": 4
        },
        "RollerBall.Step.sum": {
            "value": 39968.0,
            "min": 9936.0,
            "max": 39968.0,
            "count": 4
        },
        "RollerBall.Policy.ExtrinsicValueEstimate.mean": {
            "value": 1.9795501232147217,
            "min": 0.9892768263816833,
            "max": 1.9795501232147217,
            "count": 4
        },
        "RollerBall.Policy.ExtrinsicValueEstimate.sum": {
            "value": 508.744384765625,
            "min": 257.21197509765625,
            "max": 508.744384765625,
            "count": 4
        },
        "RollerBall.Environment.EpisodeLength.mean": {
            "value": 65.48,
            "min": 65.48,
            "max": 73.14925373134328,
            "count": 4
        },
        "RollerBall.Environment.EpisodeLength.sum": {
            "value": 9822.0,
            "min": 9802.0,
            "max": 9912.0,
            "count": 4
        },
        "RollerBall.Environment.CumulativeReward.mean": {
            "value": 3.84,
            "min": 2.1977611940298507,
            "max": 3.84,
            "count": 4
        },
        "RollerBall.Environment.CumulativeReward.sum": {
            "value": 576.0,
            "min": 294.5,
            "max": 576.0,
            "count": 4
        },
        "RollerBall.Policy.ExtrinsicReward.mean": {
            "value": 3.84,
            "min": 2.1977611940298507,
            "max": 3.84,
            "count": 4
        },
        "RollerBall.Policy.ExtrinsicReward.sum": {
            "value": 576.0,
            "min": 294.5,
            "max": 576.0,
            "count": 4
        },
        "RollerBall.Losses.PolicyLoss.mean": {
            "value": 0.2426639334643425,
            "min": 0.2426639334643425,
            "max": 0.2501308570173836,
            "count": 4
        },
        "RollerBall.Losses.PolicyLoss.sum": {
            "value": 17.714467142897004,
            "min": 16.322604314963232,
            "max": 17.714467142897004,
            "count": 4
        },
        "RollerBall.Losses.ValueLoss.mean": {
            "value": 0.643663536105222,
            "min": 0.3439052698565684,
            "max": 0.643663536105222,
            "count": 4
        },
        "RollerBall.Losses.ValueLoss.sum": {
            "value": 46.9874381356812,
            "min": 23.38555835024665,
            "max": 46.9874381356812,
            "count": 4
        },
        "RollerBall.Policy.LearningRate.mean": {
            "value": 0.0002894662226893424,
            "min": 0.0002894662226893424,
            "max": 0.00029848104229736414,
            "count": 4
        },
        "RollerBall.Policy.LearningRate.sum": {
            "value": 0.021131034256321995,
            "min": 0.019889727770090796,
            "max": 0.021131034256321995,
            "count": 4
        },
        "RollerBall.Policy.Epsilon.mean": {
            "value": 0.3894662191780822,
            "min": 0.3894662191780822,
            "max": 0.39848104179104477,
            "count": 4
        },
        "RollerBall.Policy.Epsilon.sum": {
            "value": 28.431034000000004,
            "min": 26.68972760000001,
            "max": 28.431034000000004,
            "count": 4
        },
        "RollerBall.Policy.Beta.mean": {
            "value": 0.0004827948246575343,
            "min": 0.0004827948246575343,
            "max": 0.0004975190349253732,
            "count": 4
        },
        "RollerBall.Policy.Beta.sum": {
            "value": 0.0352440222,
            "min": 0.03316655508,
            "max": 0.0352440222,
            "count": 4
        },
        "RollerBall.IsTraining.mean": {
            "value": 1.0,
            "min": 1.0,
            "max": 1.0,
            "count": 4
        },
        "RollerBall.IsTraining.sum": {
            "value": 1.0,
            "min": 1.0,
            "max": 1.0,
            "count": 4
        }
    },
    "metadata": {
        "timer_format_version": "0.1.0",
        "start_time_seconds": "1642847563",
        "python_version": "3.7.11 (default, Jul 27 2021, 09:42:29) [MSC v.1916 64 bit (AMD64)]",
        "command_line_arguments": "C:\\Users\\Bob\\anaconda3\\envs\\ia\\Scripts\\mlagents-learn config/rollerball_config.yaml --run-id=RollerBall1 --force",
        "mlagents_version": "0.27.0",
        "mlagents_envs_version": "0.27.0",
        "communication_protocol_version": "1.5.0",
        "pytorch_version": "1.7.1+cpu",
        "numpy_version": "1.21.5",
        "end_time_seconds": "1642848061"
    },
    "total": 497.2677721,
    "count": 1,
    "self": 0.005926299999998719,
    "children": {
        "run_training.setup": {
            "total": 0.08625250000000007,
            "count": 1,
            "self": 0.08625250000000007
        },
        "TrainerController.start_learning": {
            "total": 497.1755933,
            "count": 1,
            "self": 0.9524956000012708,
            "children": {
                "TrainerController._reset_env": {
                    "total": 6.5634535000000005,
                    "count": 1,
                    "self": 6.5634535000000005
                },
                "TrainerController.advance": {
                    "total": 489.5823922999988,
                    "count": 46090,
                    "self": 1.0136406999929477,
                    "children": {
                        "env_step": {
                            "total": 426.82836710000856,
                            "count": 46090,
                            "self": 392.27591270001517,
                            "children": {
                                "SubprocessEnvManager._take_step": {
                                    "total": 33.92673349999896,
                                    "count": 46090,
                                    "self": 2.449504100001981,
                                    "children": {
                                        "TorchPolicy.evaluate": {
                                            "total": 31.47722939999698,
                                            "count": 45514,
                                            "self": 6.541195900000677,
                                            "children": {
                                                "TorchPolicy.sample_actions": {
                                                    "total": 24.936033499996302,
                                                    "count": 45514,
                                                    "self": 24.936033499996302
                                                }
                                            }
                                        }
                                    }
                                },
                                "workers": {
                                    "total": 0.6257208999944375,
                                    "count": 46089,
                                    "self": 0.0,
                                    "children": {
                                        "worker_root": {
                                            "total": 489.4145787999953,
                                            "count": 46089,
                                            "is_parallel": true,
                                            "self": 136.3827737999939,