{"count":1,"self":735.8416384,"total":1524.8311386999999,"children":{"InitializeActuators":{"count":1,"self":0.0019938,"total":0.0019938,"children":null},"InitializeSensors":{"count":1,"self":0.0029916,"total":0.0029916,"children":null},"AgentSendState":{"count":1394934,"self":4.3732464,"total":10.6400013,"children":{"CollectObservations":{"count":139494,"self":0.45460229999999996,"total":0.45460229999999996,"children":null},"WriteActionMask":{"count":139494,"self":0.21724459999999998,"total":0.21724459999999998,"children":null},"RequestDecision":{"count":139494,"self":1.0481968,"total":5.5949079999999993,"children":{"AgentInfo.ToProto":{"count":139494,"self":0.9609135,"total":4.5467112,"children":{"GenerateSensorData":{"count":139494,"self":3.5857976,"total":3.5857976999999996,"children":null}}}}}}},"DecideAction":{"count":1394934,"self":757.2954624,"total":757.2954774,"children":null},"AgentAct":{"count":1394934,"self":20.7929376,"total":21.048052,"children":{"AgentInfo.ToProto":{"count":8463,"self":0.0568527,"total":0.2551152,"children":{"GenerateSensorData":{"count":8463,"self":0.19826249999999998,"total":0.19826249999999998,"children":null}}}}}},"gauges":{"RollerBall.CumulativeReward":{"count":8463,"max":2,"min":0,"runningAverage":0.832802236,"value":2,"weightedAverage":1.22483}},"metadata":{"timer_format_version":"0.1.0","start_time_seconds":"1641393565","unity_version":"2021.1.22f1","command_line_arguments":"F:\\Unity\\Unity\\2021.1.22f1\\Editor\\Unity.exe -projectpath H:\\Github\\IA-RLearning\\IaLearning -useHub -hubIPC -cloudEnvironment production -licensingIpc LicenseClient-Bob -hubSessionId 02abefe0-6e34-11ec-86e6-6d316ad99595 -accessToken RtQ3bVBwgDYB9V1NP_4XJ_4f1PK0adF8zNQnq8NzoH0006f","communication_protocol_version":"1.5.0","com.unity.ml-agents_version":"2.1.0-exp.1","scene_name":"SampleScene","end_time_seconds":"1641395089"}}