{"count":1,"self":581.9770368,"total":843.84036789999993,"children":{"InitializeActuators":{"count":1,"self":0.0019721,"total":0.0019721,"children":null},"InitializeSensors":{"count":1,"self":0.0019714,"total":0.0019714,"children":null},"AgentSendState":{"count":650484,"self":1.5772502,"total":3.9220688,"children":{"CollectObservations":{"count":65049,"self":0.1732908,"total":0.1732908,"children":null},"WriteActionMask":{"count":65049,"self":0.0578292,"total":0.0578292,"children":null},"RequestDecision":{"count":65049,"self":0.35416519999999996,"total":2.1136985999999998,"children":{"AgentInfo.ToProto":{"count":65049,"self":0.4400038,"total":1.7595334,"children":{"GenerateSensorData":{"count":65049,"self":1.3195295999999999,"total":1.3195295999999999,"children":null}}}}}}},"DecideAction":{"count":650484,"self":255.22900479999998,"total":255.22901069999998,"children":null},"AgentAct":{"count":650484,"self":2.5831055999999997,"total":2.7062896,"children":{"AgentInfo.ToProto":{"count":5662,"self":0.029057999999999997,"total":0.12318409999999999,"children":{"GenerateSensorData":{"count":5662,"self":0.09412609999999999,"total":0.09412609999999999,"children":null}}}}}},"gauges":{"RollerBall.CumulativeReward":{"count":5662,"max":2,"min":0,"runningAverage":0.920346558,"value":1,"weightedAverage":1.04438782}},"metadata":{"timer_format_version":"0.1.0","start_time_seconds":"1640773747","unity_version":"2021.1.22f1","command_line_arguments":"D:\\Unitys\\2021.1.22f1\\Editor\\Unity.exe -projectpath D:\/Github\/IA-RLearning\/IaLearning -useHub -hubIPC -cloudEnvironment production -hubSessionId 2b6bff00-6890-11ec-aca4-a1e32c7ecf96 -accessToken UA8IWf1g8WiXsKYEUYKG9zx9RwSDAkm1I2tyynokU8M001f","communication_protocol_version":"1.5.0","com.unity.ml-agents_version":"2.1.0-exp.1","scene_name":"SampleScene","end_time_seconds":"1640774590"}}