{"count":1,"self":1028.4826624,"total":2133.4891583,"children":{"InitializeActuators":{"count":1,"self":0.0020282,"total":0.0020282,"children":null},"InitializeSensors":{"count":1,"self":0.0020179,"total":0.0020179,"children":null},"AgentSendState":{"count":2182417,"self":6.2499519999999995,"total":15.328894799999999,"children":{"CollectObservations":{"count":218242,"self":0.63901829999999993,"total":0.63901829999999993,"children":null},"WriteActionMask":{"count":218242,"self":0.35962829999999996,"total":0.35962829999999996,"children":null},"RequestDecision":{"count":218242,"self":1.4369299,"total":8.0802959999999988,"children":{"AgentInfo.ToProto":{"count":218242,"self":1.4917595,"total":6.6433661,"children":{"GenerateSensorData":{"count":218242,"self":5.1516063999999995,"total":5.1516066,"children":null}}}}}}},"DecideAction":{"count":2182417,"self":1060.4243967999998,"total":1060.4244005,"children":null},"AgentAct":{"count":2182417,"self":28.6668032,"total":29.248162699999998,"children":{"AgentInfo.ToProto":{"count":18138,"self":0.1317042,"total":0.58135989999999993,"children":{"GenerateSensorData":{"count":18138,"self":0.4496557,"total":0.4496557,"children":null}}}}}},"gauges":{"RollerBall.CumulativeReward":{"count":18138,"max":2,"min":0,"runningAverage":0.848438263,"value":1,"weightedAverage":0.9999358}},"metadata":{"timer_format_version":"0.1.0","start_time_seconds":"1641493814","unity_version":"2021.1.22f1","command_line_arguments":"F:\\Unity\\Unity\\2021.1.22f1\\Editor\\Unity.exe -projectpath H:\\Github\\IA-RLearning\\IaLearning -useHub -hubIPC -cloudEnvironment production -licensingIpc LicenseClient-z-YzuGZ4-mFBzpVxHdtpF -hubSessionId 3516ba70-6f0e-11ec-af8d-2127fe620afe -accessToken xEgcuyBUKz4zEClnaQlPIKuVe0ZgNv_pWlqCxkUcilQ006f","communication_protocol_version":"1.5.0","com.unity.ml-agents_version":"2.1.0-exp.1","scene_name":"SampleScene","end_time_seconds":"1641495947"}}